device,/dev/nvme0n1
nsid,1
zone_size,33554432
target_zone,13
target_offset,436207616
target_slba,851968
write_size,4096
num_writes,256
mode,filled_then_reset_trace
request_idx,offset,latency_us
0,436207616,746
1,436211712,596
2,436215808,591
3,436219904,592
4,436224000,565
5,436228096,592
6,436232192,594
7,436236288,591
8,436240384,592
9,436244480,580
10,436248576,591
11,436252672,641
12,436256768,568
13,436260864,598
14,436264960,585
15,436269056,593
16,436273152,591
17,436277248,557
18,436281344,592
19,436285440,624
20,436289536,575
21,436293632,593
22,436297728,560
23,436301824,587
24,436305920,557
25,436310016,587
26,436314112,621
27,436318208,591
28,436322304,599
29,436326400,640
30,436330496,569
31,436334592,594
32,436338688,595
33,436342784,590
34,436346880,592
35,436350976,566
36,436355072,597
37,436359168,557
38,436363264,590
39,436367360,593
40,436371456,570
41,436375552,591
42,436379648,559
43,436383744,587
44,436387840,557
45,436391936,587
46,436396032,611
47,436400128,568
48,436404224,590
49,436408320,632
50,436412416,580
51,436416512,594
52,436420608,593
53,436424704,591
54,436428800,601
55,436432896,567
56,436436992,592
57,436441088,558
58,436445184,587
59,436449280,593
60,436453376,586
61,436457472,592
62,436461568,560
63,436465664,589
64,436469760,555
65,436473856,587
66,436477952,615
67,436482048,568
68,436486144,593
69,436490240,632
70,436494336,575
71,436498432,593
72,436502528,593
73,436506624,593
74,436510720,589
75,436514816,566
76,436518912,592
77,436523008,570
78,436527104,591
79,436531200,597
80,436535296,639
81,436539392,598
82,436543488,595
83,436547584,598
84,436551680,608
85,436555776,653
86,436559872,596
87,436563968,594
88,436568064,603
89,436572160,596
90,436576256,562
91,436580352,592
92,436584448,594
93,436588544,649
94,436592640,597
95,436596736,597
96,436600832,595
97,436604928,599
98,436609024,611
99,436613120,596
100,436617216,600
101,436621312,597
102,436625408,605
103,436629504,573
104,436633600,597
105,436637696,598
106,436641792,598
107,436645888,596
108,436649984,598
109,436654080,595
110,436658176,596
111,436662272,596
112,436666368,595
113,436670464,655
114,436674560,593
115,436678656,618
116,436682752,572
117,436686848,594
118,436690944,596
119,436695040,600
120,436699136,596
121,436703232,595
122,436707328,596
123,436711424,597
124,436715520,597
125,436719616,595
126,436723712,576
127,436727808,603
128,436731904,596
129,436736000,596
130,436740096,597
131,436744192,595
132,436748288,597
133,436752384,594
134,436756480,595
135,436760576,595
136,436764672,597
137,436768768,602
138,436772864,595
139,436776960,564
140,436781056,594
141,436785152,596
142,436789248,660
143,436793344,609
144,436797440,586
145,436801536,598
146,436805632,596
147,436809728,598
148,436813824,594
149,436817920,620
150,436822016,598
151,436826112,594
152,436830208,572
153,436834304,596
154,436838400,597
155,436842496,597
156,436846592,598
157,436850688,598
158,436854784,594
159,436858880,597
160,436862976,593
161,436867072,595
162,436871168,570
163,436875264,593
164,436879360,598
165,436883456,597
166,436887552,597
167,436891648,596
168,436895744,597
169,436899840,595
170,436903936,597
171,436908032,597
172,436912128,604
173,436916224,593
174,436920320,617
175,436924416,572
176,436928512,597
177,436932608,596
178,436936704,601
179,436940800,597
180,436944896,594
181,436948992,594
182,436953088,597
183,436957184,570
184,436961280,595
185,436965376,560
186,436969472,589
187,436973568,596
188,436977664,584
189,436981760,596
190,436985856,560
191,436989952,638
192,436994048,597
193,436998144,620
194,437002240,595
195,437006336,596
196,437010432,596
197,437014528,598
198,437018624,602
199,437022720,596
200,437026816,594
201,437030912,594
202,437035008,594
203,437039104,571
204,437043200,596
205,437047296,594
206,437051392,598
207,437055488,596
208,437059584,595
209,437063680,597
210,437067776,597
211,437071872,600
212,437075968,594
213,437080064,561
214,437084160,591
215,437088256,597
216,437092352,596
217,437096448,597
218,437100544,595
219,437104640,596
220,437108736,597
221,437112832,598
222,437116928,593
223,437121024,614
224,437125120,592
225,437129216,617
226,437133312,571
227,437137408,597
228,437141504,596
229,437145600,598
230,437149696,597
231,437153792,596
232,437157888,595
233,437161984,597
234,437166080,596
235,437170176,605
236,437174272,584
237,437178368,597
238,437182464,616
239,437186560,612
240,437190656,596
241,437194752,599
242,437198848,606
243,437202944,595
244,437207040,597
245,437211136,594
246,437215232,593
247,437219328,570
248,437223424,654
249,437227520,599
250,437231616,597
251,437235712,594
252,437239808,600
253,437243904,595
254,437248000,609
255,437252096,594
